id,title,description
1,eu lacus.,Pellentesque habitant morbi tristique senectus et netus et malesuada fames
2,neque sed,"cursus. Nunc mauris elit, dictum eu, eleifend nec, malesuada ut,"
3,in aliquet,"varius ultrices, mauris ipsum porta elit, a feugiat tellus lorem"
4,"nec, eleifend","ipsum sodales purus, in molestie tortor nibh sit amet orci."
5,mi lacinia,Curabitur massa. Vestibulum accumsan neque et nunc. Quisque ornare tortor
6,Nulla eu,"vitae sodales nisi magna sed dui. Fusce aliquam, enim nec"
7,ante. Maecenas,"velit eget laoreet posuere, enim nisl elementum purus, accumsan interdum"
8,Suspendisse dui.,"pharetra ut, pharetra sed, hendrerit a, arcu. Sed et libero."
9,"libero est,",Integer id magna et ipsum cursus vestibulum. Mauris magna. Duis
10,egestas lacinia.,"diam. Sed diam lorem, auctor quis, tristique ac, eleifend vitae,"
11,"vulputate, lacus.",quis diam luctus lobortis. Class aptent taciti sociosqu ad litora
12,"elit, pharetra","porta elit, a feugiat tellus lorem eu metus. In lorem."
13,"pede, malesuada",mollis. Duis sit amet diam eu dolor egestas rhoncus. Proin
14,gravida nunc,"nibh lacinia orci, consectetuer euismod est arcu ac orci. Ut"
15,blandit viverra.,feugiat placerat velit. Quisque varius. Nam porttitor scelerisque neque. Nullam
16,"non, egestas","mollis dui, in sodales elit erat vitae risus. Duis a"
17,ac facilisis,pharetra. Nam ac nulla. In tincidunt congue turpis. In condimentum.
18,Duis gravida.,"Suspendisse dui. Fusce diam nunc, ullamcorper eu, euismod ac, fermentum"
19,nunc sed,mauris. Morbi non sapien molestie orci tincidunt adipiscing. Mauris molestie
20,Donec nibh.,"tristique pellentesque, tellus sem mollis dui, in sodales elit erat"
21,enim. Mauris,ac orci. Ut semper pretium neque. Morbi quis urna. Nunc
22,risus. Donec,"sit amet, consectetuer adipiscing elit. Etiam laoreet, libero et tristique"
23,at pede.,senectus et netus et malesuada fames ac turpis egestas. Aliquam
24,tincidunt orci,"ipsum dolor sit amet, consectetuer adipiscing elit. Etiam laoreet, libero"
25,ante blandit,ac turpis egestas. Fusce aliquet magna a neque. Nullam ut
26,"commodo at,","Curabitur consequat, lectus sit amet luctus vulputate, nisi sem semper"
27,diam. Pellentesque,"eget, venenatis a, magna. Lorem ipsum dolor sit amet, consectetuer"
28,non justo.,"dolor egestas rhoncus. Proin nisl sem, consequat nec, mollis vitae,"
29,ullamcorper. Duis,"mauris ut mi. Duis risus odio, auctor vitae, aliquet nec,"
30,"dictum mi,",pede. Cras vulputate velit eu sem. Pellentesque ut ipsum ac
31,facilisis. Suspendisse,"libero nec ligula consectetuer rhoncus. Nullam velit dui, semper et,"
32,diam luctus,ipsum cursus vestibulum. Mauris magna. Duis dignissim tempor arcu. Vestibulum
33,fringilla est.,libero. Proin sed turpis nec mauris blandit mattis. Cras eget
34,purus mauris,"a purus. Duis elementum, dui quis accumsan convallis, ante lectus"
35,neque sed,"Fusce aliquam, enim nec tempus scelerisque, lorem ipsum sodales purus,"
36,"risus odio,","vel, faucibus id, libero. Donec consectetuer mauris id sapien. Cras"
37,dictum augue,Duis volutpat nunc sit amet metus. Aliquam erat volutpat. Nulla
38,tellus. Suspendisse,Aenean eget magna. Suspendisse tristique neque venenatis lacus. Etiam bibendum
39,"lectus, a","ante. Maecenas mi felis, adipiscing fringilla, porttitor vulputate, posuere vulputate,"
40,scelerisque neque.,"pede sagittis augue, eu tempor erat neque non quam. Pellentesque"
41,et malesuada,Mauris magna. Duis dignissim tempor arcu. Vestibulum ut eros non
42,Nulla tempor,"mollis lectus pede et risus. Quisque libero lacus, varius et,"
43,tincidunt tempus,"dolor sit amet, consectetuer adipiscing elit. Curabitur sed tortor. Integer"
44,a sollicitudin,"magnis dis parturient montes, nascetur ridiculus mus. Proin vel arcu"
45,Donec felis,"imperdiet non, vestibulum nec, euismod in, dolor. Fusce feugiat. Lorem"
46,"lacinia vitae,","in aliquet lobortis, nisi nibh lacinia orci, consectetuer euismod est"
47,Curabitur vel,"adipiscing elit. Etiam laoreet, libero et tristique pellentesque, tellus sem"
48,sapien. Aenean,"aliquet vel, vulputate eu, odio. Phasellus at augue id ante"
49,dolor dapibus,blandit congue. In scelerisque scelerisque dui. Suspendisse ac metus vitae
50,vitae risus.,in sodales elit erat vitae risus. Duis a mi fringilla
